EMOTION100_001,] # ] _ # _ ] _ #
EMOTION100_002,_ [ _ _ ] _ _ _ _ # _ [ _ _ _ _ _ _ ] _ # _ [ _ _ _ _ _ ] _ #
EMOTION100_003,_ ] _ _ _ _ _ _ _ _ _ # _ [ _ _ _ # _ [ _ _ _ _ _ _ ] _ # _ [ ] _ # _ [ ] _ #
EMOTION100_004,_ [ _ ] _ _ _ _ # _ ] _ # _ ] _ # _ [ _ _ _ _ # _ [ _ _ _ _ #
EMOTION100_005,_ ] _ _ _ _ _ # _ ] _ _ _ _ _ _ _ _ # _ [ _ _ ] _ _ _ _ _ # [ _ _ _ # _ [ _ _ _ _ _ _ _ _ _ _ _ _ _ _ _ _ _ # _ [ _ ] _ #
EMOTION100_006,_ [ _ _ _ _ _ _ # _ [ _ _ # ] # [ ] _ _ _ _ _ # _ [ _ _ _ _ ] _ _ _ _ # [ _ _ _ _ _ # _ [ _ _ _ _ _ ] _ _ _ _ # _ [ _ _ _ _ # ] _ _ _ _ # _ [ _ _ _ ] _ _ _ _ _ # [ _ _ _ _ _ _ _ _ _ #
EMOTION100_007,_ ] _ _ _ # _ ] _ _ _ # _ [ _ _ _ ] _ _ _ _ # ] _ _ _ # _ [ _ ] # ] _ _ #
EMOTION100_008,_ ] _ _ _ # _ ] _ _ # _ [ _ _ _ _ _ ] _ # _ ] _ _ # _ [ _ _ _ ] _ #
EMOTION100_009,_ ] _ _ _ _ _ # _ [ _ _ _ _ _ _ ] _ _ _ # _ [ _ _ ] _ #
EMOTION100_010,_ ] _ _ _ # [ _ _ _ _ _ # [ _ _ _ # _ ] _ _ _ _ # _ #
EMOTION100_011,[ _ _ _ _ _ _ ] _ _ _ _ # _ ] _ _ _ _ # ] _ _ _ _ _ # _ [ _ _ _ _ _ # _ ] _ # _ [ _ # _ [ _ _ _ _ _ # _ ] _ _ # _ [ _ ] _ _ _ # _ ] _ _ _ _ _ # _ [ _ ] _ _ _ # [ _ _ _ _ _ ] _ #
EMOTION100_012,_ ] _ _ _ # _ [ # _ ] _ _ _ _ _ _ # _ [ _ _ _ _ _ ] _ _ _ _ # _ [ _ _ _ _ _ _ _ _ _ #
EMOTION100_013,_ [ _ # [ _ _ _ _ _ _ _ ] _ _ _ _ _ # _ [ _ _ _ _ _ ] _ # _ [ _ # _ [ _ #
EMOTION100_014,_ ] _ _ _ _ _ _ _ # _ [ _ _ _ _ _ ] _ _ _ _ # _ [ _ _ _ _ _ # _ [ _ ] _ # _ [ # _ [ _ _ _ _ _ # _ [ _ _ _ # _ ] _ #
EMOTION100_015,_ ] # _ ] _ _ _ # _ [ _ # [ _ _ _ _ # _ [ _ _ _ _ _ _ # _ [ _ _ ] _ _ _ _ _ # _ [ _ _ _ _ _ _ _ # _ ] _ _ #
EMOTION100_016,_ [ _ _ _ ] _ # _ ] _ _ _ # _ [ _ _ ] _ # _ ] _ _ _ _ _ # _ [ _ ] _ _ #
EMOTION100_017,] # _ ] _ _ _ # _ [ _ _ _ _ #
EMOTION100_018,_ ] _ _ _ _ _ # _ ] _ _ _ # _ [ _ ] _ _ # [ _ _ _ _ # _ [ _ #
EMOTION100_019,_ [ _ _ _ _ ] _ _ _ _ # _ ] _ _ _ _ _ _ # _ [ _ _ _ _ # _ [ _ _ _ _ _ # _ [ _ _ _ # _ ] _ _ _ _ _ _ _ _ #
EMOTION100_020,_ ] _ _ _ _ # _ [ _ _ #
EMOTION100_021,_ [ _ _ _ _ _ # _ [ _ _ _ _ _ ] _ _ _ _ _ # _ [ _ _ _ ] #
EMOTION100_022,_ ] _ _ _ # _ ] # _ ] _ _ # _ [ _ #
EMOTION100_023,_ [ _ _ _ _ _ # [ _ _ _ _ # [ _ _ # ] _ _ _ # _ ] _ _ _ # _ [ _ _ _ _ _ _ _ _ _ # _ [ _ # _ [ _ _ _ _ _ # _ [ _ _ _ _ # _ [ _ #
EMOTION100_024,_ ] _ _ _ # _ [ _ _ _ _ # ] _ _ _ _ _ # _ [ _ #
EMOTION100_025,_ [ _ # _ [ _ _ _ _ # _ [ _ _ _ _ _ _ # _ [ _ _ _ _ _ _ # _ [ _ # _ [ _ _ _ _ _ _ _ # _ [ _ _ _ _ _ _ # _ [ _ # _ [ _ # _ ] _ _ #
EMOTION100_026,_ [ _ _ _ _ _ # ] _ _ _ # _ [ _ _ _ _ _ _ _ ] _ _ _ _ # _ [ _ _ _ _ ] _ _ # [ _ ] _ #
EMOTION100_027,_ ] _ _ _ _ _ # _ [ _ _ _ _ ] _ _ _ # [ _ _ _ # [ _ _ # _ [ _ ] # _ [ _ _ _ _ _ _ _ ] _ _ _ _ # _ [ _ _ _ _ _ _ _ _ _ ] _ _ #
EMOTION100_028,_ ] _ _ _ _ _ # _ [ _ ] _ _ _ # _ [ _ _ _ _ _ # [ _ _ _ ] _ # [ _ _ _ _ ] _ _ _ ?
EMOTION100_029,_ [ _ _ _ _ _ # [ _ ] _ _ _ # _ [ _ _ _ _ _ # _ ] _ _ _ _ _ _ # _ ] _ _ _ _ # _ ] _ _ # _ ] _ _ # ] #
EMOTION100_030,[ _ ] _ _ _ # _ [ _ _ _ _ _ # _ [ _ _ _ _ _ ] _ # [ _ ] _ _ # _ ] _ _ # [ _ _ _ _ _ _ _ _ _ ] _ # _ [ _ _ _ _ _ ] #
EMOTION100_031,_ ] _ _ _ _ _ # _ [ _ # _ ] _ _ _ _ # [ _ _ ] _ _ _ # _ [ _ # _ [ _ _ _ _ # _ [ _ _ # _ [ _ #
EMOTION100_032,_ ] _ _ _ # _ ] _ _ _ _ _ _ _ # _ ] _ _ _ _ _ # ] _ _ _ _ _ _ # _ [ _ _ _ _ _ # _ [ _ _ _ _ # _ [ _ _ _ _ _ # _ [ _ _ _ _ _ #
EMOTION100_033,_ ] _ _ _ _ # [ _ _ _ ] _ _ # _ ] _ _ _ # _ [ _ _ _ _ _ # _ [ _ _ _ _ _ _ _ _ _ _ _ ] _ _ _ _ # _ [ _ _ # _ [ _ _ _ _ #
EMOTION100_034,_ [ _ _ _ _ _ _ _ # _ [ _ # _ [ _ _ _ _ _ _ # _ [ _ _ _ _ _ # _ ] _ _ _ # _ [ _ ] _ _ #
EMOTION100_035,_ ] _ _ _ _ _ # _ [ _ _ _ _ _ # [ ] _ # _ [ _ _ # _ ] _ _ _ _ _ # _ ] _ _ # [ _ _ #
EMOTION100_036,_ ] _ _ _ # _ ] _ _ _ _ _ # _ [ _ _ _ ] _ _ # _ [ _ _ _ # _ [ _ _ _ _ _ # _ [ _ _ _ _ #
EMOTION100_037,_ [ _ _ _ _ _ # _ [ _ # _ ] _ _ # _ [ _ _ _ _ ] _ _ # _ [ _ ] _ _ #
EMOTION100_038,_ ] _ _ _ _ # _ [ _ ] _ _ _ # _ [ _ _ # _ [ _ ] _ _ # _ [ _ _ _ _ _ _ _ _ ] _ # _ ] _ _ _ _ # _ [ _ ] _ # _ ] _ _ _ _ #
EMOTION100_039,[ _ _ _ ] _ _ _ _ # _ [ _ _ _ _ _ _ _ ] _ # _ [ # [ _ _ _ _ ] _ _ _ _ _ # _ ] _ _ _ # [ _ ] _ _ _ _ _ # _ [ _ _ _ _ _ ] _ _ _ # _ [ _ # [ _ ] _ #
EMOTION100_040,_ [ _ _ _ _ _ _ _ _ _ _ ] _ _ _ # _ [ _ _ ] _ _ # _ [ _ _ # _ [ _ _ _ _ _ ] _ # _ [ _ _ _ _ _ ] _ _ _ _ _ _ _ _ _ ?
EMOTION100_041,_ ] _ _ _ _ _ _ # [ _ _ _ _ _ # _ [ _ _ _ _ _ _ _ _ ] _ _ _ _ _ _ _ # _ [ _ _ _ _ ] _ #
EMOTION100_042,_ ] _ _ _ _ # _ [ _ _ _ _ _ # _ [ _ _ _ _ _ ] _ _ # _ [ _ _ _ _ _ _ _ # _ [ _ ] _ _ _ _ _ # _ [ _ ] _ # [ _ _ _ _ # _ [ _ ] _ #
EMOTION100_043,_ [ _ ] _ # _ [ _ _ _ # _ [ _ _ _ _ _ # _ [ _ ] # _ [ _ _ _ ] _ _ # _ ] _ _ # _ [ _ _ _ _ _ # ] _ _ _ # [ _ _ _ # _ [ ] _ _ _ _ _ _ _ # [ _ _ _ # _ [ _ # _ [ _ _ _ _ # [ _ #
EMOTION100_044,_ [ _ _ _ _ _ _ _ _ ] _ # _ [ _ _ _ _ _ _ _ ] _ _ _ _ # _ [ _ _ _ # _ [ ] _ #
EMOTION100_045,_ ] _ _ _ _ _ # _ [ _ _ _ _ _ _ # _ [ _ _ _ _ # _ [ _ ] _ _ # [ _ ] _ _ _ # _ [ _ _ _ ] _ _ _ _ _ # _ [ _ _ _ _ _ # _ [ _ _ _ _ # [ _ ] _ _ # [ _ #
EMOTION100_046,_ [ _ _ _ ] _ _ _ _ # _ [ _ _ _ _ _ ] _ _ _ _ _ # _ [ _ _ _ _ _ _ _ # _ [ _ _ ] _ # _ [ _ _ _ ] _ # [ _ #
EMOTION100_047,_ [ _ _ _ # _ ] _ _ _ _ _ # _ [ _ _ _ _ _ _ _ # _ [ _ _ _ _ _ # ] _ # _ ] _ _ _ # _ ] #
EMOTION100_048,_ [ _ _ _ # _ [ _ _ _ ] _ _ _ _ _ # _ ] _ _ # [ _ _ #
EMOTION100_049,] _ _ # _ [ _ _ _ _ # _ [ _ ] _ _ # _ [ _ _ _ # [ _ _ ] # [ _ _ _ _ _ _ _ _ # _ ] _ _ _ # _ [ _ ] _ _ _ _ # _ ] _ _ _ _ # _ [ _ _ _ _ # _ [ _ _ _ ] _ _ _ #
EMOTION100_050,_ [ _ _ _ _ _ # _ ] _ _ _ # _ ] _ # _ ] _ _ # _ [ _ ] _ _ _ _ _ _ _ # _ [ _ _ _ _ _ _ _ _ # _ [ _ _ _ # _ [ _ _ _ _ _ ] _ _ _ _ _ # _ ] _ _ # [ _ #
EMOTION100_051,_ [ _ _ _ # _ [ _ _ _ _ # _ [ _ _ _ ] _ # _ [ _ _ _ _ _ _ # [ _ _ _ _ _ _ # _ [ _ _ _ _ _ _ _ _ _ # _ [ _ # _ [ _ _ _ _ # [ _ #
EMOTION100_052,_ ] _ _ _ # _ [ _ _ _ _ _ _ _ _ _ _ ] _ _ # _ ] _ _ _ _ # ] _ # _ [ _ _ _ _ # _ [ _ ] _ _ _ _ _ # _ [ _ _ _ _ _ _ _ _ _ _ _ _ _ _ _ _ _ ] _ # _ # _ [ _ _ _ _ ] _ _ _ # _ ] _ _ _ #
EMOTION100_053,_ [ _ ] _ # _ [ _ _ _ _ ] _ _ _ _ _ # _ [ _ # [ _ _ _ # _ [ _ _ _ # _ [ _ # _ [ _ ] _ _ _ _ _ _ _ # _ [ _ _ _ _ _ _ # _ [ _ _ ] _ # _ [ _ _ _ _ _ ] _ _ _ # _ [ _ _ _ _ ] _ # [ _ _ _ _ _ #
EMOTION100_054,_ ] _ _ _ _ _ _ _ # ] _ # _ [ _ _ ] _ # _ [ _ ] _ _ _ _ # [ _ _ # _ ] _ # _ ] _ _ _ _ _ _ # _ [ _ _ _ _ # _ [ _ # _ [ _ ] _ # _ [ _ ] _ # _ [ _ ] _ #
EMOTION100_055,_ [ _ # _ [ _ _ _ _ _ _ _ ] _ _ _ _ # _ ] _ _ _ _ # _ ] _ _ _ _ _ # _ [ _ _ _ _ _ _ # [ _ _ _ _ _ ] _ # _ [ _ ] _ # _ ] _ _ _ _ # _ ] _ _ _ _ _ # [ _ _ _ _ # _ ] _ _ _ # _ ] _ _ _ _ _ # _ ] _ _ _ _ #
EMOTION100_056,_ ] _ _ _ _ # _ ] _ _ _ _ _ # [ _ ] _ # _ [ _ _ _ ] _ _ _ _ _ _ _ # ] _ _ _ _ _ # _ [ _ _ _ _ # ] _ # _ ] _ _ _ # _ ] _ _ _ _ # _ [ _ _ _ _ _ ] _ #
EMOTION100_057,_ ] _ _ _ _ _ _ _ # [ _ ] _ _ _ # _ [ _ _ _ _ _ _ # _ [ _ _ _ _ _ ] _ _ _ ?
EMOTION100_058,_ [ _ _ _ _ _ ] _ # _ [ _ _ _ _ _ _ # _ [ _ _ _ ] _ # _ ] _ _ _ _ _ #
EMOTION100_059,_ [ _ _ _ _ _ _ # _ [ _ _ _ _ ] _ _ _ _ # _ [ _ _ _ _ _ ] _ _ # _ [ _ _ _ _ _ _ # _ [ _ _ _ # _ [ _ _ _ _ _ # _ [ _ # _ [ _ _ _ _ ] _ _ _ _ _ # _ [ _ _ _ _ # ] _ _ _ _ # _ [ _ _ _ _ _ _ ] _ _ _ _ _ # _ ] _ _ # _ ] _ _ # _ [ _ # _ [ _ ] _ _ _ _ #
EMOTION100_060,_ [ _ _ ] _ _ # _ [ _ _ _ # _ ] _ # _ [ _ _ # _ [ _ _ _ _ # _ ] _ _ # [ _ _ _ _ _ _ _ # _ [ _ ] _ #
EMOTION100_061,_ [ _ ] _ _ _ _ _ # _ ] _ _ _ _ _ _ _ _ _ # _ [ _ _ _ ] _ # _ [ _ _ ] _ _ _ _ _ # _ ] _ _ _ # _ [ _ ] _ _ _ # _ [ _ _ _ ] _ _ _ # _ [ #
EMOTION100_062,_ ] _ _ _ _ _ # _ [ _ _ _ _ _ # _ [ _ _ _ ] _ _ _ # _ [ _ _ ] # _ [ _ ] _ _ _ # _ # _ [ _ # _ [ _ _ _ _ _ _ _ _ # _ [ _ ] _ _ #
EMOTION100_063,_ [ _ _ _ _ # _ [ _ # _ [ _ _ _ _ _ # _ [ _ ] _ # [ _ ] _ _ _ # _ [ _ _ _ _ _ _ _ ] _ _ # _ [ _ _ ] _ _ _ _ # _ [ _ ] _ _ # [ _ _ _ # [ _ _ _ ] _ # _ [ _ _ _ ] _ _ _ _ # _ ] #
EMOTION100_064,_ [ _ ] _ _ _ _ # [ _ _ _ _ _ _ _ _ # _ [ _ _ _ _ _ ] _ _ _ # _ [ _ _ # _ [ _ _ _ ] _ _ _ _ _ # _ [ _ _ _ ] _ _ _ # _ [ _ _ _ _ ] _ _ # ] _ # _ [ _ ] _ # _ [ _ _ _ _ ] _ _ _ #
EMOTION100_065,_ [ _ _ _ _ # [ _ _ _ _ _ # [ _ _ _ # _ [ _ _ # [ _ _ ] # _ ] _ _ # [ _ _ _ _ _ ] _ _ _ _ #
EMOTION100_066,_ [ _ _ _ _ # ] _ _ _ _ _ _ _ _ _ # [ _ _ _ _ ] _ _ _ # _ [ _ # _ [ _ ] _ #
EMOTION100_067,_ ] _ _ _ _ _ _ _ _ # _ ] _ _ _ _ _ _ _ # [ _ # _ [ _ _ ] _ _ _ _ _ _ _ _ # _ ] _ _ _ _ _ # _ [ _ _ _ _ _ # _ [ _ _ _ # _ [ _ _ ] _ _ # _ [ _ ] _ # _ [ _ _ _ _ # [ _ _ _ _ _ ] _ _ _ _ # _ [ _ _ _ _ _ _ # _ ] _ _ _ _ _ _ #
EMOTION100_068,[ _ _ _ _ _ # _ [ _ ] _ # _ [ _ _ _ ] _ _ # _ ] _ _ # _ ] _ _ _ # _ [ _ ] _ _ # _ [ _ ] _ _ _ _ # [ _ _ _ # _ [ _ _ _ ] _ _ _ _ _ # _ [ _ _ _ ] _ _ _ # _ ] _ _ # _ ] _ # _ [ _ _ _ # _ #
EMOTION100_069,_ ] _ _ _ _ _ # _ [ _ _ _ _ ] _ _ _ _ # _ [ _ _ _ ] _ _ # [ _ _ ] _ _ # _ ] _ _ _ _ # _ ] _ _ _ _ _ # [ _ _ _ _ ] _ _ _ _ # _ ] _ _ _ _ # _ [ _ _ _ # _ [ _ _ _ _ _ _ _ _ # _ [ _ _ _ # _ [ _ _ _ _ _ ] _ _ # _ [ _ _ _ ] _ _ _ #
EMOTION100_070,] _ _ _ _ # _ [ _ _ _ _ _ ] _ _ _ _ _ _ _ _ # _ [ _ _ _ _ _ _ _ # _ ] _ _ # [ _ _ _ _ _ _ ] _ # ] _ _ # _ ] _ _ _ _ _ # _ [ _ ] _ _ _ _ # _ [ _ _ _ # [ _ _ _ _ _ _ ] _ _ _ _ # _ [ _ _ _ _ _ _ _ _ # _ ] _ _ _ _ _ # _ [ _ ] _ _ _ _ _ _ _ _ _ _ # _ ] _ _ _ _ _ # _ [ _ _ _ # _ ] _ _ _ _ # ] _ _ _ # _ [ _ _ _ _ _ _ _ #
EMOTION100_071,_ [ _ ] # _ [ ] _ _ _ # _ [ _ _ _ _ _ # _ [ _ ] _ _ _ # _ [ _ _ _ _ _ # _ ] _ _ _ _ # [ _ ] _ _ # _ [ _ ] _ _ _ # _ [ _ # _ ] _ _ _ _ # _ [ _ _ _ _ _ _ _ ] _ _ _ _ #
EMOTION100_072,_ [ _ ] _ _ _ _ _ _ # _ [ _ _ ] _ _ _ # _ ] _ # _ ] # _ [ _ ] _ _ _ _ _ # _ [ _ _ _ _ ] _ # _ [ _ _ _ _ _ # _ ] _ _ _ _ # _ [ _ _ _ _ # _ [ _ _ _ _ _ _ _ ] _ # _ [ _ _ _ _ _ ] _ _ # _ [ _ # _ [ _ ] _ _ _ _ _ _ # _ ] _ _ _ # _ [ _ _ _ _ _ _ # _ [ _ _ _ ] _ # _ ] _ _ _ _ # _ [ _ _ ] _ # _ [ _ ] # _ [ _ _ ] _ _ _ _ _ _ # _ ] _ _ _ # _ [ _ ] _ _ # [ _ _ _ _ _ ] # _ [ _ _ _ _ _ _ _ # _ [ _ _ _ _ _ ] _ # [ _ _ _ _ # [ _ #
EMOTION100_073,_ [ _ _ _ ] _ _ _ _ _ # _ ] _ _ _ _ # _ ] _ _ _ # [ _ ] _ # [ _ _ # _ [ _ _ _ ] _ _ # [ _ ] _ #
EMOTION100_074,_ ] _ _ _ _ _ # _ [ _ ] _ # _ [ _ _ _ _ _ ] _ _ _ _ _ # _ [ _ _ _ ] _ _ _ _ _ # _ [ _ _ _ _ _ ] _ _ _ _ # _ [ _ _ _ _ _ ] _ _ _ _ # _ #
EMOTION100_075,_ ] _ _ _ _ # [ _ _ _ _ _ _ _ # _ [ _ _ _ _ _ _ ] _ _ _ _ # _ [ _ _ _ _ _ _ _ _ _ _ _ _ # _ [ _ _ ] _ _ # _ ] _ _ _ _ _ # _ [ _ _ _ # _ [ _ _ _ _ _ _ _ # _ [ _ _ _ # _ [ _ _ _ _ # _ [ _ _ ] _ _ _ _ _ _ # ] _ _ _ # _ ] _ _ _ # [ _ _ _ _ _ ] _ _ _ #
EMOTION100_076,_ [ _ _ _ _ _ _ _ _ _ _ _ ] _ _ _ _ _ _ # _ [ _ _ ] _ _ _ # [ _ _ _ _ _ _ _ _ _ _ _ ] _ _ _ _ _ # [ _ _ _ _ # _ [ _ _ _ # _ [ _ _ _ _ _ _ # _ [ _ _ _ _ _ _ _ _ _ ] _ # _ [ _ _ _ _ _ # ] _ _ # _ [ _ _ _ # _ [ _ ] _ # _ [ _ _ _ # _ [ _ ] # _ [ _ _ _ # _ [ _ ] _ # ] _ #
EMOTION100_077,_ [ _ _ _ # _ ] _ # [ _ _ _ _ #
EMOTION100_078,_ ] # _ ] # _ [ _ _ _ # _ [ _ _ _ ] _ _ # _ ] _ #
EMOTION100_079,_ ] _ # _ ] _ # _ ] _ #
EMOTION100_080,_ ] _ _ # _ ] _ _ # _ ] _ #
EMOTION100_081,_ [ _ _ _ _ _ # _ ] _ _ _ # _ ] #
EMOTION100_082,_ [ _ ] _ _ _ _ _ _ # _ [ _ _ _ _ _ ] _ _ #
EMOTION100_083,] _ _ _ _ _ # [ _ _ _ ] _ _ _ _ _ _ _ # _ [ _ _ _ _ _ _ _ ] _ _ _ #
EMOTION100_084,_ [ _ _ _ ] _ #
EMOTION100_085,_ [ _ _ _ _ _ _ ] _ _ #
EMOTION100_086,[ _ _ _ _ _ _ _ ] _ _ #
EMOTION100_087,[ # [ _ #
EMOTION100_088,] # [ #
EMOTION100_089,] # ] #
EMOTION100_090,] # ] #
EMOTION100_091,[ _ _ _ _ #
EMOTION100_092,] _ _ _ #
EMOTION100_093,] _ _ #
EMOTION100_094,_ [ _ _ ] _ #
EMOTION100_095,_ [ _ _ ] #
EMOTION100_096,_ ] _ _ _ _ #
EMOTION100_097,_ [ _ _ _ _ _ _ ] _ _ _ _ #
EMOTION100_098,[ _ ] _ _ _ #
EMOTION100_099,_ [ _ ] _ _ #
EMOTION100_100,_ ] _ _ _ #
RECITATION324_001,[ _ _ ] _ _ _ _ _ # _ [ _ _ _ # [ _ _ _ ] _ _ #
RECITATION324_002,_ ] _ _ _ # _ [ _ _ # _ [ _ #
RECITATION324_003,_ [ _ _ _ _ _ # _ [ _ _ _ _ _ _ ] _ _ _ _ _ # _ [ _ _ _ # _ [ _ #
RECITATION324_004,_ [ _ _ _ _ _ _ _ ] _ _ _ _ _ # _ [ _ _ _ _ _ _ _ _ _ _ _ _ ] _ _ _ _ # _ ] _ _ _ # [ _ _ _ _ _ _ _ _ _ ] _ _ _ _ # _ [ _ _ _ # [ _ _ _ _ _ _ _ _ _ # [ _ _ _ _ _ _ ] _ #
RECITATION324_005,_ [ _ _ _ _ ] _ _ _ # _ [ _ _ _ _ # _ [ _ _ _ _ _ _ ] _ _ _ _ _ # _ [ _ ] _ _ #
RECITATION324_006,_ [ _ _ _ _ # _ [ _ ] _ _ _ _ # _ ] _ _ _ _ # [ _ _ #
RECITATION324_007,_ [ _ _ _ _ _ _ _ _ _ ] _ _ _ # _ [ _ _ _ _ _ _ _ ] _ _ _ # _ [ _ _ _ # _ [ _ _ #
RECITATION324_008,_ ] _ _ _ _ _ _ # _ [ _ _ _ ] _ _ _ _ # [ _ ] _ _ _ _ # _ [ _ # _ [ _ _ # _ [ _ _ _ #
RECITATION324_009,_ [ _ _ _ _ _ _ _ ] _ _ _ _ _ _ _ _ # _ [ _ _ _ _ _ _ _ _ _ # _ [ _ _ _ #
RECITATION324_010,_ [ _ _ _ ] _ _ _ _ _ # _ ] _ _ _ _ _ _ # _ [ _ ] _ _ _ _ _ # _ [ _ _ _ # _ [ _ _ _ # _ [ _ _ _ #
RECITATION324_011,_ [ _ _ _ _ # _ ] _ _ _ _ _ _ # _ ] _ _ # ] _ #
RECITATION324_012,_ [ _ _ _ _ _ # [ _ _ ] # _ [ _ _ _ _ _ _ _ ] _ # _ ] _ _ _ _ # _ ] _ _ _ _ # _ [ _ #
RECITATION324_013,_ ] # _ [ _ _ _ _ # _ [ _ _ _ ] # _ ] _ _ # _ [ _ ] _ _ _ _ # _ [ _ # _ [ _ _ _ _ _ ] _ _ _ _ _ # _ [ _ _ _ # _ [ _ _ _ #
RECITATION324_014,_ [ _ _ _ # _ ] _ _ _ _ # _ [ _ ] _ _ _ # _ [ _ _ _ _ _ # _ ] _ _ # _ [ _ _ _ _ _ _ #
RECITATION324_015,_ [ _ _ _ _ _ _ _ _ _ _ _ _ ] _ _ _ _ # _ [ # _ [ _ _ _ _ _ _ _ # [ _ ] _ _ _ _ # _ [ _ ] _ _ _ #
RECITATION324_016,_ [ _ _ # [ _ ] _ # _ [ _ _ _ # [ _ _ _ _ _ # _ ] _ _ _ _ # _ [ _ _ _ _ # _ ] _ _ # _ ] _ _ _ #
RECITATION324_017,[ _ _ _ _ _ _ _ _ _ # [ _ _ _ _ _ # _ ] _ _ _ # [ _ _ _ ] _ _ _ _ #
RECITATION324_018,_ [ _ _ _ _ _ _ # [ _ _ ] _ _ _ _ _ _ _ #
RECITATION324_019,[ _ _ _ _ _ # _ ] _ _ _ _ # _ ] _ _ # _ ] _ # _ ] _ # _ [ _ # _ ] _ _ # _ [ _ _ _ _ _ _ _ ] _ #
RECITATION324_020,[ _ _ _ _ _ _ _ ] _ _ _ # _ [ _ _ _ _ _ _ _ _ _ ] #
RECITATION324_021,_ ] _ _ _ _ _ # _ ] _ _ _ _ _ _ _ # _ [ _ _ _ ] _ _ _ # _ ] _ #
RECITATION324_022,_ [ _ ] _ _ _ _ _ # _ ] _ _ _ _ # _ [ _ _ _ _ _ _ _ _ # _ [ _ _ _ # _ [ _ _ _ _ _ _ _ _ _ _ _ _ ] _ #
RECITATION324_023,_ [ _ ] _ _ _ # _ ] _ _ _ _ # _ [ _ _ _ _ _ _ # _ ] _ _ _ # [ _ _ _ _ _ _ # _ ] _ _ _ _ _ #
RECITATION324_024,_ [ _ _ _ _ _ # _ [ _ ] _ # _ ] _ _ # _ ] _ _ # ] _ _ _ _ _ _ # [ _ _ _ _ _ _ ] _ _ _ #
RECITATION324_025,_ [ _ _ _ _ ] _ _ _ _ _ # _ ] _ _ _ _ # _ [ _ _ _ _ _ _ _ ] # _ ] _ _ _ _ _ _ _ _ # _ [ _ _ _ ] _ _ _ #
RECITATION324_026,_ [ _ _ _ _ # _ [ _ _ _ ] _ _ # _ [ _ _ _ _ # _ [ _ _ _ _ _ _ _ ] #
RECITATION324_027,[ _ _ # _ [ _ _ ] _ _ # _ ] _ _ _ # [ _ _ _ _ _ # _ [ _ _ ] _ #
RECITATION324_028,_ ] _ _ _ _ _ _ _ # _ [ ] _ # _ [ _ _ _ _ _ _ _ # _ ] _ _ _ # _ [ _ _ _ _ # _ ] _ _ #
RECITATION324_029,_ [ _ _ _ _ _ _ # _ [ _ _ _ _ # _ [ _ ] _ # _ [ _ _ _ _ _ _ #
RECITATION324_030,_ ] _ _ _ # _ [ _ ] _ _ _ # _ ] _ _ _ _ _ # _ [ _ _ _ # _ [ _ #
RECITATION324_031,_ ] _ _ # _ ] # [ _ _ _ _ # _ [ _ _ # _ [ _ _ _ _ _ _ # _ ] _ _ # _ ] _ _ # _ ] _ _ # _ [ _ ] # _ ] _ _ _ _ _ ?
RECITATION324_032,_ [ _ _ _ _ _ _ _ _ ] _ _ _ _ # _ [ _ ] _ _ _ # _ [ _ ] _ # _ [ _ _ _ ] _ _ #
RECITATION324_033,_ ] _ _ _ _ _ # [ _ _ _ _ _ # ] _ _ # _ ] _ _ #
RECITATION324_034,] _ _ _ _ _ # _ [ _ _ # _ ] # _ ] # _ [ _ _ _ _ _ _ _ ] _ _ _ #
RECITATION324_035,_ [ _ _ ] _ _ _ # _ ] _ _ _ _ _ _ # _ ] _ _ _ # _ ] _ # [ _ _ _ ] _ #
RECITATION324_036,_ [ _ _ _ _ _ # _ ] _ _ # _ ] # _ [ _ _ _ _ ] _ #
RECITATION324_037,_ [ _ _ _ _ _ _ # _ [ _ _ _ _ _ _ ] _ _ _ # [ _ _ _ _ #
RECITATION324_038,_ [ _ ] _ _ _ _ # _ [ _ _ _ _ _ # [ _ ] _ _ _ # [ _ _ _ _ _ ] _ _ # _ [ # _ [ _ ] _ # _ [ _ ] _ _ _ # _ ] _ _ _ # _ [ _ _ _ _ _ _ _ ] _ _ _ #
RECITATION324_039,_ ] _ _ _ _ # [ _ ] _ _ _ _ _ # _ [ _ _ _ _ _ _ # _ ] _ _ _ _ # [ _ _ _ _ #
RECITATION324_040,_ [ _ _ _ # _ [ _ ] _ _ # _ ] _ _ _ _ _ # _ [ _ _ _ _ _ ] _ # _ [ _ _ _ _ _ # _ [ _ _ _ ] _ #
RECITATION324_041,_ [ _ _ _ _ # _ [ _ _ _ # _ [ _ ] _ # _ [ _ _ _ _ _ _ _ _ _ _ _ # _ [ _ _ _ _ _ _ _ ] _ # _ ] _ _ _ _ _ # _ [ _ _ _ _ _ _ _ _ _ #
RECITATION324_042,_ [ _ _ _ ] _ _ _ _ # _ ] _ _ _ _ # _ [ _ _ _ _ _ _ _ _ # _ [ _ _ _ _ _ _ # _ ] _ _ _ _ _ _ # [ ] _ # [ _ _ _ _ _ #
RECITATION324_043,_ [ _ # _ [ _ ] _ # _ [ _ _ _ _ _ # _ [ _ ] _ # _ [ _ ] _ # _ ] _ _ _ _ _ _ _ _ _ _ _ # _ [ _ _ _ _ # _ [ _ _ _ _ _ ] _ _ # _ ] _ _ #
RECITATION324_044,_ ] _ # _ ] _ _ _ # _ [ _ _ _ _ # _ ] _ _ _ #
RECITATION324_045,_ [ _ _ _ _ ] _ _ # _ [ _ ] _ # _ [ _ _ _ _ _ _ _ _ _ _ _ _ # _ [ _ _ _ _ ] _ _ _ #
RECITATION324_046,_ [ _ _ _ _ # [ _ _ _ _ _ ] _ _ _ # _ [ _ _ _ _ _ # _ [ _ _ _ # _ [ _ # _ [ _ _ _ _ #
RECITATION324_047,_ [ _ _ _ _ _ _ _ ] _ # _ [ _ _ _ _ _ _ ] _ _ _ # _ ] _ _ _ # [ ] _ _ _ _ # _ [ _ _ _ _ _ _ _ _ _ _ ] _ _ _ # _ [ _ _ _ _ _ _ _ #
RECITATION324_048,[ _ ] _ _ _ _ _ # _ [ _ _ # _ [ _ _ _ ] _ _ # _ [ _ _ _ _ _ _ _ #
RECITATION324_049,_ [ _ _ _ _ _ _ _ _ # _ ] _ _ _ _ _ #
RECITATION324_050,_ ] _ _ # _ [ _ _ _ _ _ _ _ _ _ _ _ _ _ _ ] _ # _ [ _ _ # _ [ _ _ _ _ _ _ _ _ ] _ # _ [ _ ] _ # ] _ # _ [ _ ] #
RECITATION324_051,_ [ _ _ _ _ # _ ] _ # _ ] _ # _ [ _ _ _ _ _ ] _ _ # [ _ _ _ #
RECITATION324_052,_ [ _ _ _ _ # [ _ ] # _ [ _ _ _ _ ] _ #
RECITATION324_053,_ [ _ _ _ _ _ _ _ _ _ _ _ _ _ _ _ _ _ _ _ # [ _ _ _ ] _ # _ ] _ _ _ _ _ # _ ] _ _ # _ [ _ ] _ _ _ _ _ _ _ #
RECITATION324_054,_ [ _ ] _ _ _ _ _ _ _ _ # _ [ _ _ ] _ _ _ _ # _ [ _ ] _ _ _ #
RECITATION324_055,_ [ _ _ _ _ _ _ # _ [ _ _ _ _ _ ] _ _ _ _ _ # [ _ _ _ _ _ _ _ ] _ _ _ # _ [ _ ] _ _ # _ [ _ _ _ _ _ _ _ ] _ _ _ _ # _ [ _ _ ] _ _ _ # _ [ _ ] _ #
RECITATION324_056,_ [ _ _ # _ [ _ _ _ ] _ _ # _ [ _ _ _ _ _ ] _ _ _ _ # _ [ _ _ _ # _ ] _ _ # _ [ _ _ _ _ _ _ _ _ ] _ _ _ #
RECITATION324_057,_ ] _ _ _ _ # _ ] _ _ _ _ # _ [ _ _ _ ] _ # _ [ _ ] _ # [ _ _ _ _ _ _ #
RECITATION324_058,[ _ _ _ ] _ _ _ _ _ _ # _ [ _ _ _ # _ [ _ _ _ _ _ #
RECITATION324_059,_ ] _ _ _ _ _ _ # _ ] _ _ _ _ # _ [ _ _ # _ ] _ _ _ _ # _ [ _ _ _ _ # _ [ _ _ _ # _ [ _ #
RECITATION324_060,_ ] _ _ _ # _ [ _ _ # ] # _ ] _ _ _ ?
RECITATION324_061,[ _ _ _ # _ [ _ # _ [ _ _ _ # _ ] _ # _ ] _ # _ [ _ _ # _ [ _ _ # _ [ _ ] _ _ _ # _ [ _ _ ] _ _ #
RECITATION324_062,_ [ _ _ _ _ # _ [ _ # _ ] _ _ # _ [ _ _ _ _ _ # _ [ _ ] _ # _ [ _ _ # ] _ _ _ _ _ _ _ # _ #
RECITATION324_063,_ [ _ _ _ ] _ _ _ _ _ _ # _ [ _ ] _ _ _ _ _ _ # _ [ _ _ # _ [ _ #
RECITATION324_064,_ [ _ _ _ _ _ _ _ _ _ # _ [ _ _ _ _ _ ] _ _ _ _ _ # [ _ _ # _ ] _ _ #
RECITATION324_065,_ [ _ _ ] _ # _ ] _ # _ ] _ _ _ _ _ _ # [ _ _ _ _ # _ ] _ # _ ] _ _ _ _ _ # [ _ ] _ _ # _ ] _ _ _ _ _ _ _ _ # _ [ _ _ _ # _ [ _ _ _ #
RECITATION324_066,_ [ _ _ _ _ # _ ] _ _ _ # _ ] _ _ _ _ _ # ] _ _ # [ _ _ _ _ _ _ #
RECITATION324_067,[ _ _ _ # _ [ _ _ _ _ _ _ ] _ _ _ _ # _ [ _ _ # [ _ _ _ _ _ _ _ #
RECITATION324_068,_ [ _ _ _ # ] _ _ _ _ _ # _ [ _ _ _ _ _ _ _ _ # _ [ _ _ _ _ ] _ # [ _ _ _ _ _ _ _ # _ ] _ _ _ _ _ _ _ #
RECITATION324_069,_ [ _ _ _ _ _ _ _ _ ] _ # _ [ _ _ _ _ _ _ _ _ _ _ _ ] _ _ # _ [ _ _ # _ ] _ _ _ _ _ _ _ # _ ] _ _ _ _ # _ [ _ _ _ _ # _ [ # _ [ _ _ _ _ _ _ ] _ _ # _ [ _ ] _ _ #
RECITATION324_070,_ [ _ _ _ _ _ _ _ _ # _ [ _ _ _ _ ] _ _ _ _ # _ [ _ _ _ _ _ _ _ _ _ _ _ _ _ # _ [ _ ] _ _ # _ [ _ _ _ _ ] _ _ _ _ # _ [ _ ] _ # _ ] _ _ _ _ _ _ #
RECITATION324_071,_ [ _ _ _ _ ] _ # _ [ _ _ _ # [ _ _ _ _ # _ [ _ _ _ _ _ _ ] _ _ _ _ #
RECITATION324_072,_ [ _ _ _ _ _ _ _ # _ ] # _ [ _ _ _ ] _ _ _ _ # _ [ _ _ _ _ # ] _ _ _ _ _ # _ ] #
RECITATION324_073,_ [ _ _ _ _ # _ [ _ _ _ _ # _ [ _ _ _ _ _ # _ [ _ ] _ #
RECITATION324_074,_ [ _ _ ] _ # _ [ _ _ _ ] # _ [ _ _ _ ] _ _ _ _ # _ [ _ _ _ _ _ _ _ ] _ # _ ] #
RECITATION324_075,_ [ _ ] # _ [ _ _ _ _ # _ ] _ _ # _ [ _ _ _ ] # _ [ _ _ _ _ _ # _ ] _ _ #
RECITATION324_076,_ [ _ _ ] _ # _ [ _ _ _ _ _ # _ [ _ _ _ _ _ # [ _ _ _ ] _ _ _ _ # _ [ _ _ _ _ # _ [ _ ] _ _ _ _ # _ [ _ _ _ _ _ ] _ # _ ] _ _ _ # _ [ _ _ _ _ _ _ _ #
RECITATION324_077,_ [ _ _ _ _ _ _ _ _ ] _ _ # _ [ _ _ _ ] # _ [ _ ] _ #
RECITATION324_078,_ ] _ _ _ _ _ # [ _ _ _ _ # _ [ _ _ _ _ _ ] _ _ _ _ # _ [ _ _ # _ [ _ _ _ ] _ # ] _ #
RECITATION324_079,_ ] _ _ _ # _ ] _ # _ ] _ # _ [ _ # _ [ _ _ _ _ _ _ # [ _ ] _ #
RECITATION324_080,_ [ _ _ _ _ _ _ _ ] _ _ # _ [ _ _ _ _ _ _ _ # [ _ _ _ _ _ _ _ # _ ] _ _ # _ [ _ _ _ _ _ _ _ _ _ _ ] _ _ # _ [ _ _ _ _ _ # _ ] _ _ _ _ _ # _ [ _ _ _ _ _ _ ] _ # _ ] _ # _ [ _ _ _ _ ] # _ [ _ #
RECITATION324_081,_ [ _ _ _ _ _ ] _ _ _ _ _ # _ [ _ _ _ # _ [ _ _ _ _ _ _ _ _ ] _ _ # _ [ _ _ _ _ _ # [ _ _ _ ] _ _ # _ ] _ _ # _ [ _ _ _ _ #
RECITATION324_082,_ [ _ _ _ _ _ # _ [ _ ] _ _ _ _ _ _ # _ [ _ _ ] _ _ _ _ _ _ # _ [ _ _ _ ] # _ [ _ # _ ] _ _ _ _ # _ [ _ #
RECITATION324_083,_ [ _ _ _ # [ _ _ _ ] _ _ _ _ # _ ] # _ ] # _ [ _ ] _ # _ [ _ # [ _ _ #
RECITATION324_084,_ [ _ _ _ _ _ _ ] _ # [ _ _ _ _ _ ] _ _ _ _ _ # [ _ _ _ _ # _ [ _ _ _ _ #
RECITATION324_085,_ [ _ _ _ ] _ _ _ _ _ # _ [ _ _ _ _ _ ] _ _ _ #
RECITATION324_086,[ _ _ _ # _ [ _ ] _ _ # _ ] _ _ _ _ _ # _ [ _ _ _ ] _ _ # _ [ _ # _ [ _ _ _ _ _ _ _ # [ _ _ _ _ _ #
RECITATION324_087,[ _ _ # _ [ _ _ _ _ ] _ _ # _ [ _ ] _ _ _ # _ ] _ _ # ] _ _ _ _ _ _ # _ [ _ _ ] _ _ #
RECITATION324_088,_ [ _ # _ ] _ _ _ _ _ # _ [ _ _ _ _ # ] _ _ _ _ _ # _ [ _ _ _ _ _ _ _ ] # _ [ _ _ _ _ _ _ _ _ _ # [ _ _ ] _ _ _ # _ [ _ _ ] _ _ _ _ #
RECITATION324_089,_ ] _ _ _ _ _ # [ _ _ _ _ ] _ _ _ _ # _ ] _ _ _ _ _ _ _ #
RECITATION324_090,_ [ _ _ _ _ ] _ _ _ _ # _ [ _ _ _ _ # _ [ _ _ #
RECITATION324_091,_ [ _ _ _ # _ ] _ _ # _ [ _ _ _ _ _ # _ [ _ _ _ # _ ] _ #
RECITATION324_092,_ [ _ _ _ _ _ _ ] _ _ _ _ _ # [ _ _ # _ [ _ _ _ ] _ _ _ _ _ # _ ] _ _ _ _ # _ [ _ _ _ _ _ _ #
RECITATION324_093,_ [ _ _ _ _ # _ ] _ _ # _ ] _ _ _ _ _ # _ [ _ _ _ _ # _ [ _ _ _ _ _ _ _ #
RECITATION324_094,[ _ ] _ _ _ # _ [ _ _ _ ] # _ ] _ _ # _ [ _ _ _ _ _ _ # [ _ _ _ _ _ _ _ _ ] _ # _ [ _ _ _ _ _ ] _ _ _ _ _ #
RECITATION324_095,_ [ _ _ _ ] _ _ # _ [ _ _ _ _ # _ ] _ _ _ _ # ] _ _ _ # _ [ _ _ _ _ _ _ _ _ #
RECITATION324_096,_ [ _ _ _ _ _ _ _ # [ _ _ _ _ _ _ _ _ _ _ ] _ # _ [ _ _ _ _ _ ] _ #
RECITATION324_097,_ [ _ _ _ _ _ # _ [ _ _ _ _ _ _ _ ] _ # _ [ _ _ _ _ _ _ _ #
RECITATION324_098,_ [ _ ] _ _ _ _ _ _ # _ [ _ _ _ _ _ ] _ # _ ] _ _ # _ [ _ _ # _ [ _ _ _ ] #
RECITATION324_099,_ [ _ _ # _ [ _ _ ] _ _ # _ ] _ _ # _ ] _ _ _ _ # _ ] #
RECITATION324_100,_ [ _ _ ] # _ [ _ _ # _ [ _ _ _ _ _ _ _ _ ] _ _ # _ [ _ _ _ _ _ _ _ _ _ ] _ _ _ # _ ] _ # ] _ #
RECITATION324_101,] _ _ # _ ] _ _ _ # _ [ _ _ ] _ _ _ # ] _ # _ ] _ _ _ # _ [ _ _ _ _ # _ ] _ _ _ _ _ _ _ # _ [ _ _ _ _ _ _ _ ] _ _ _ _ # [ _ ] _ _ # [ _ #
RECITATION324_102,_ [ _ _ _ # _ ] _ _ # _ ] _ _ _ _ # [ _ _ _ _ # [ _ _ _ # [ _ #
RECITATION324_103,_ [ _ _ _ _ _ _ _ ] _ _ # _ ] _ _ _ # _ ] _ _ _ _ _ # _ ] _ _ _ _ # _ [ _ _ _ # _ [ _ ] _ _ _ #
RECITATION324_104,_ [ _ _ _ # _ [ _ _ _ _ _ _ _ _ ] _ # _ ] _ _ _ _ _ _ _ _ #
RECITATION324_105,_ [ _ _ _ _ _ _ _ _ _ _ _ # _ [ _ ] _ # _ [ _ _ _ _ _ _ _ ] _ _ _ _ # [ _ ] _ _ # _ ] _ #
RECITATION324_106,_ ] _ _ _ _ # _ ] _ _ _ _ _ # _ ] _ _ # _ ] _ _ _ #
RECITATION324_107,] _ _ _ _ _ _ _ # [ _ _ _ _ _ _ ] _ _ # _ [ _ _ _ _ ] _ _ # _ [ _ _ _ # _ [ _ _ _ _ #
RECITATION324_108,_ [ _ ] _ # _ [ _ _ _ _ _ # _ ] _ _ _ _ _ _ _ _ _ #
RECITATION324_109,_ ] _ # [ _ _ _ _ _ # _ [ _ _ _ # [ _ _ _ _ _ _ _ ] _ _ # [ _ _ _ _ _ _ #
RECITATION324_110,[ _ _ _ _ _ _ _ _ _ _ # _ ] _ _ _ _ _ # _ ] _ _ # [ _ _ _ _ ] _ #
RECITATION324_111,_ ] _ _ _ _ _ # _ [ _ _ _ ] _ # _ [ _ ] _ _ _ #
RECITATION324_112,[ _ _ _ ] _ # ] _ _ _ _ # _ [ _ _ _ ] _ # _ [ _ _ _ _ _ _ ] _ _ _ # _ [ _ _ _ ] _ # _ [ _ _ _ ] _ _ _ # _ ] _ _ # [ _ _ _ _ _ #
RECITATION324_113,_ [ _ _ _ _ _ # _ [ _ ] _ _ _ _ # _ ] _ _ _ _ _ # _ [ _ _ _ _ _ ] _ _ _ _ # _ ] _ _ _ # [ _ _ _ #
RECITATION324_114,_ ] _ _ _ # _ ] _ _ _ _ # _ [ _ _ _ _ _ # [ _ _ _ # _ [ _ _ _ _ _ # _ [ ] _ _ _ _ _ # _ [ _ _ # _ [ _ ] _ # _ [ _ _ _ _ _ ] _ _ _ #
RECITATION324_115,_ [ _ ] _ _ _ _ _ _ # _ [ _ # [ _ _ _ _ _ _ # ] _ _ _ # _ [ # _ [ _ _ _ _ ] _ #
RECITATION324_116,_ ] _ _ _ _ _ _ _ _ # _ ] _ _ _ # _ [ _ _ _ _ _ ] _ # [ _ _ #
RECITATION324_117,_ [ _ _ _ _ _ _ _ # _ [ _ ] _ _ _ _ _ # _ ] _ _ _ _ _ _ _ # _ [ _ _ _ _ _ _ _ ] _ #
RECITATION324_118,[ _ _ _ _ _ # _ ] _ _ _ _ _ _ _ _ # _ [ _ _ _ _ _ # _ [ _ _ _ _ _ _ _ #
RECITATION324_119,_ ] _ _ _ _ _ # _ [ _ _ _ _ _ _ _ # _ [ _ _ ] _ _ _ # _ [ _ ] # [ _ _ _ # _ [ _ _ _ ] _ _ _ #
RECITATION324_120,_ [ _ _ _ ] _ # _ [ _ _ _ _ ] _ _ # _ ] # ] # _ #
RECITATION324_121,_ ] _ _ _ # _ ] _ _ # _ ] _ _ _ _ #
RECITATION324_122,_ [ _ _ _ _ _ _ _ _ _ _ _ _ _ _ # _ [ _ _ _ _ ] _ _ _ _ # _ ] _ #
RECITATION324_123,_ ] _ _ _ _ _ _ # _ [ _ _ _ _ _ _ # _ [ _ _ ] _ # _ ] _ _ #
RECITATION324_124,_ [ _ ] _ # [ _ _ _ _ _ _ # _ [ _ ] # _ [ _ ] _ # _ [ _ ] _ _ _ # _ [ _ _ # _ ] _ _ #
RECITATION324_125,_ [ _ _ _ _ _ # [ _ _ _ _ _ _ ] _ _ _ # _ ] _ _ _ _ # _ [ _ _ _ #
RECITATION324_126,_ ] _ # _ ] _ _ # _ ] # _ [ _ _ _ _ _ _ _ ] #
RECITATION324_127,_ ] _ _ _ _ _ # ] _ # [ _ ] _ _ _ _ # ] _ _ _ # _ [ _ _ _ ] _ _ # [ _ _ _ _ _ _ _ _ ] _ _ # _ [ _ _ _ _ _ # _ ] _ _ _ _ _ # ] _ # [ _ _ _ _ _ # _ [ _ _ _ _ _ _ _ _ # _ ] _ _ _ # _ [ _ _ ] # ] _ _ _ # ] _ _ _ _ _ #
RECITATION324_128,_ [ _ _ _ _ ] _ _ _ _ _ _ _ _ _ # [ _ ] _ _ # [ _ _ _ ] _ # _ [ _ _ _ ] _ # _ [ _ _ _ _ _ _ _ ] _ _ _ _ #
RECITATION324_129,_ [ _ ] _ # _ [ _ _ ] _ #
RECITATION324_130,_ [ _ _ # _ [ _ _ _ _ ] _ # _ ] _ _ # _ [ _ ] _ # [ _ _ _ _ _ # _ [ _ ] _ _ _ _ # _ ] _ _ # _ ] _ _ _ _ # [ _ _ _ _ _ _ _ ] # _ [ _ ] _ # _ ] #
RECITATION324_131,_ [ _ _ _ _ _ ] _ _ _ _ _ # _ ] # _ [ _ _ _ _ _ ] #
RECITATION324_132,_ ] _ # _ [ _ _ _ _ ] _ _ _ # _ [ _ _ _ _ _ _ #
RECITATION324_133,[ _ _ _ _ _ ] # _ ] _ _ _ _ _ _ _ # _ [ _ ] # _ [ _ _ _ _ _ # [ _ _ _ # _ [ _ _ _ ] _ #
RECITATION324_134,_ [ _ # _ ] _ _ # _ [ _ ] _ # [ _ _ _ ] _ # [ _ _ _ _ _ ] #
RECITATION324_135,_ [ _ _ _ _ _ _ # _ [ _ _ _ _ _ # _ ] _ _ # _ [ _ _ _ _ _ _ # _ ] _ _ # [ _ _ _ ] _ #
RECITATION324_136,_ [ _ _ _ _ ] _ _ _ # _ [ _ _ _ ] _ _ _ _ _ # [ ] # _ ] _ #
RECITATION324_137,_ [ _ _ _ _ _ _ _ ] _ # _ [ _ _ # _ [ _ ] _ _ _ # _ ] _ _ _ _ # _ [ _ _ #
RECITATION324_138,_ [ _ _ _ _ _ _ _ _ _ _ ] _ # [ _ _ _ _ _ # _ [ _ _ _ _ _ _ #
RECITATION324_139,_ [ _ _ _ # _ [ _ _ _ # _ [ _ _ # [ _ _ _ _ _ _ # _ [ _ _ _ ] _ _ _ # _ ] _ _ _ _ _ # _ [ _ ] _ _ _ _ _ #
RECITATION324_140,_ [ _ _ _ ] _ # _ [ _ ] _ _ # _ ] _ _ # _ [ _ _ _ _ _ _ # _ ] _ _ _ _ # [ _ _ _ #
RECITATION324_141,_ [ _ _ ] _ _ _ # ] _ #
RECITATION324_142,_ [ _ _ _ _ ] _ _ # _ ] _ _ _ _ _ _ _ _ _ # _ [ _ _ _ _ _ # _ [ _ _ _ ] #
RECITATION324_143,_ ] _ _ _ _ _ _ # _ [ _ _ _ _ _ _ # _ ] _ _ # _ [ _ _ _ _ _ # _ [ _ _ _ _ _ # _ [ _ _ # _ ] _ #
RECITATION324_144,_ ] _ _ _ _ _ _ _ # _ [ _ _ _ _ _ _ _ _ _ _ _ _ _ ] _ #
RECITATION324_145,_ [ _ ] _ # _ ] _ _ _ _ # [ _ _ _ _ _ _ _ _ _ _ _ # ] _ # _ [ _ ] _ _ _ # _ ] #
RECITATION324_146,_ [ _ _ _ _ _ # _ [ _ ] _ _ _ _ # _ [ _ _ _ _ # _ [ _ _ _ # _ [ _ _ #
RECITATION324_147,_ [ _ _ _ # _ ] _ _ # _ [ _ _ _ ] _ # _ [ _ _ _ _ _ _ ] _ _ # [ _ _ _ _ _ _ _ # _ [ _ _ _ _ _ _ ] _ _ # _ [ _ _ _ _ _ _ # _ [ _ _ _ _ _ #
RECITATION324_148,_ ] _ _ _ # _ ] _ # _ [ _ _ _ # _ ] # _ ] _ _ # _ [ _ _ _ ] _ # _ [ _ _ _ _ # _ [ _ _ _ # _ [ _ _ _ #
RECITATION324_149,_ [ _ _ ] # _ [ _ _ _ # [ _ _ ] _ _ _ #
RECITATION324_150,_ [ _ _ _ _ _ # _ ] _ _ _ # _ [ _ _ # _ [ _ _ _ # _ ] #
RECITATION324_151,_ [ _ _ _ ] _ _ _ _ _ _ # _ [ _ _ _ ] _ _ # _ [ _ _ _ _ _ # _ ] _ #
RECITATION324_152,[ _ _ _ _ _ ] _ _ _ _ _ # _ ] _ # _ ] _ _ _ # _ ] _ _ _ # _ ] _ # _ [ _ _ _ _ _ _ #
RECITATION324_153,_ [ _ _ _ _ _ # _ ] _ _ _ _ _ _ # _ ] _ _ _ _ _ # _ [ _ ] _ _ _ # _ [ _ _ _ # _ [ _ # [ _ _ #
RECITATION324_154,_ [ _ _ _ _ _ ] _ _ # _ ] _ # [ _ _ _ ] _ _ # _ ] _ _ # _ [ _ _ _ _ _ _ _ # _ [ _ _ _ _ # _ ] _ _ # _ [ _ _ _ _ _ ] _ _ #
RECITATION324_155,_ [ _ _ _ _ ] _ _ _ # _ [ _ _ ] _ #
RECITATION324_156,_ ] _ _ _ # _ [ _ _ _ ] _ # ] _ _ # _ [ _ _ _ _ _ # _ [ _ _ _ _ _ # [ _ _ ] _ #
RECITATION324_157,_ [ _ # _ [ _ _ _ _ ] _ _ _ # _ [ _ _ _ _ _ _ _ ] _ _ # _ [ _ ] _ # _ [ _ _ _ ] _ # [ _ ] _ #
RECITATION324_158,_ [ _ _ _ _ _ # [ _ _ _ _ _ _ ] _ # _ ] _ _ # _ ] _ _ _ _ # _ ] _ _ _ _ # [ _ ] _ _ # _ ] _ _ _ _ _ # [ _ ] _ _ # _ [ _ ] _ _ _ _ # [ _ ] # _ ] _ # _ [ _ # _ [ _ ] _ _ _ _ # [ _ _ # [ _ #
RECITATION324_159,_ [ _ _ # _ [ _ _ _ _ _ # [ _ ] _ # _ [ _ ] # _ ] _ # _ [ _ _ ] _ _ _ _ # _ ] _ _ # [ _ _ #
RECITATION324_160,_ ] # _ ] _ _ _ _ _ _ _ # [ _ _ _ _ _ _ ] _ _ _ #
RECITATION324_161,[ _ _ _ ] _ # _ ] _ _ # _ [ _ # _ [ _ _ # [ _ _ _ # _ [ _ _ _ _ _ # _ ] _ _ #
RECITATION324_162,_ [ _ _ _ _ ] _ _ _ _ _ _ # _ [ _ _ _ _ # _ [ _ #
RECITATION324_163,] _ _ _ # _ ] _ # _ ] _ # _ [ _ _ _ ] _ _ _ #
RECITATION324_164,_ [ _ _ _ _ ] _ _ _ _ _ # _ [ _ ] _ _ _ _ _ # _ [ _ _ _ ] _ _ _ _ #
RECITATION324_165,_ ] _ _ _ # _ ] _ _ _ _ _ _ _ _ # _ [ _ _ ] _ _ _ _ # _ ] _ _ _ _ _ _ # _ [ _ ] # _ ] _ _ _ # _ ] _ _ _ # _ ] _ # _ [ _ _ _ _ _ _ # [ _ _ #
RECITATION324_166,_ [ _ _ ] _ # _ [ _ _ _ _ _ _ # [ _ _ _ _ _ # _ [ _ _ # _ ] _ _ _ #
RECITATION324_167,_ ] _ _ _ _ _ _ # _ ] _ _ _ _ # _ [ _ _ _ _ # _ [ _ _ _ _ # _ ] _ _ _ # _ [ _ _ ] _ # _ ] _ _ #
RECITATION324_168,] _ _ _ # _ [ _ _ _ _ _ _ _ ] _ # [ _ _ _ ] _ _ _ # [ _ _ _ #
RECITATION324_169,_ [ _ _ _ _ _ _ _ _ # _ [ _ _ _ _ _ _ _ ] _ _ _ _ ?
RECITATION324_170,_ [ _ _ ] _ _ _ # _ ] _ _ _ _ # _ [ _ _ _ _ _ ] _ #
RECITATION324_171,_ [ _ _ ] _ _ _ _ # _ [ _ _ _ _ # _ [ _ _ _ _ #
RECITATION324_172,_ [ _ _ _ _ _ _ _ _ ] # _ [ _ _ _ _ # _ [ _ _ _ # [ _ #
RECITATION324_173,_ [ _ _ _ _ _ _ ] _ _ _ _ _ _ # _ [ _ _ _ _ _ # _ [ _ _ #
RECITATION324_174,_ [ _ _ _ _ _ _ _ _ # [ _ _ _ ] # _ ] _ #
RECITATION324_175,_ [ _ _ _ _ # ] _ _ # _ [ _ _ _ _ ] _ #
RECITATION324_176,_ [ _ _ _ _ _ # _ [ _ _ _ _ ] _ # [ _ _ _ _ _ #
RECITATION324_177,_ [ _ _ _ _ _ ] _ _ _ _ # [ _ _ _ ] _ _ _ _ _ ?
RECITATION324_178,_ [ _ _ _ _ # [ _ _ # _ [ _ _ _ _ _ # _ [ _ _ _ _ # _ [ _ _ #
RECITATION324_179,_ ] _ _ _ _ _ _ # _ ] _ _ _ # _ [ _ _ _ _ _ # _ [ _ ] _ _ _ #
RECITATION324_180,_ [ _ ] _ # [ _ _ _ ] _ # _ ] _ _ _ # _ [ _ ] _ _ _ _ # _ [ _ _ _ _ _ _ _ _ #
RECITATION324_181,_ [ _ ] _ # _ ] _ _ # _ [ _ _ _ _ _ ] _ # _ [ _ _ _ _ _ ] #
RECITATION324_182,_ [ _ _ _ _ _ _ _ _ ] _ _ # _ [ _ _ _ _ # _ [ _ _ _ ] _ # [ _ _ _ # _ ] _ _ # ] _ _ _ _ # _ [ _ _ #
RECITATION324_183,_ [ _ _ _ _ _ _ _ _ _ # _ [ _ _ _ _ _ _ ] _ _ _ _ # _ [ _ _ _ ] _ # _ ] _ _ _ # _ [ _ _ # _ [ _ #
RECITATION324_184,_ ] _ _ # ] _ _ _ # _ [ _ ] _ _ # _ [ _ ] _ _ #
RECITATION324_185,[ _ _ _ ] _ # _ ] _ _ # [ _ _ _ ] _ # [ _ _ _ _ #
RECITATION324_186,_ [ _ _ _ _ _ # _ [ _ _ _ _ # _ [ _ _ _ _ _ _ # _ ] _ _ _ _ _ #
RECITATION324_187,_ [ _ _ _ _ _ _ ] _ # _ ] _ _ _ # _ [ # _ [ _ _ _ _ _ # _ [ _ ] _ # _ [ _ _ _ _ _ _ _ #
RECITATION324_188,_ [ _ _ _ _ _ # _ ] _ _ _ _ # _ [ ] _ #
RECITATION324_189,_ [ _ ] _ # _ [ _ _ _ # _ [ _ ] # _ [ _ _ _ _ _ _ _ _ _ _ # _ [ _ _ _ ] # _ ] _ _ # _ ] _ _ _ # _ ] _ #
RECITATION324_190,_ [ # _ [ _ _ _ _ _ ] _ _ # [ _ _ #
RECITATION324_191,_ [ _ _ _ _ _ _ # _ [ _ _ _ # _ ] _ # _ [ _ #
RECITATION324_192,_ [ _ _ _ _ # _ [ _ _ _ # _ [ _ _ _ ] _ # _ ] _ _ _ # _ ] #
RECITATION324_193,_ [ _ _ _ ] _ _ _ _ # _ [ _ ] _ # [ _ _ ] _ # _ [ _ _ _ _ _ _ _ #
RECITATION324_194,_ ] _ _ # [ _ _ _ _ _ _ _ _ ] _ _ _ _ _ _ # _ [ _ _ _ _ _ ] _ _ _ _ _ _ # _ [ _ _ _ ] _ # [ _ _ _ _ ] _ # _ [ _ _ _ _ # _ [ _ _ ] _ # [ _ _ _ _ _ _ _ ] _ # _ [ _ _ _ _ _ _ ] _ _ #
RECITATION324_195,_ [ _ _ ] _ _ _ _ # _ [ _ _ _ _ _ # _ [ _ ] _ _ # [ _ _ ] # _ [ _ ] _ # ] _ #
RECITATION324_196,_ [ _ _ ] _ _ _ _ # [ _ _ _ _ _ _ _ _ ] _ _ _ _ _ # _ ] _ _ _ # _ [ _ _ _ _ # _ [ _ #
RECITATION324_197,_ ] _ _ _ _ _ # _ [ _ _ _ _ _ # _ [ _ _ _ _ _ ] _ _ _ _ # [ _ _ ] _ _ # _ [ _ _ _ _ _ _ #
RECITATION324_198,_ [ _ # [ _ ] _ _ # _ ] _ _ # _ ] _ _ _ # _ [ _ ] _ _ _ _ # _ ] _ _ _ # _ [ _ _ _ _ # _ [ _ _ _ _ _ _ _ # _ ] _ _ _ # [ _ _ ] _ # [ _ #
RECITATION324_199,_ [ _ _ _ ] _ _ _ _ # _ ] _ _ _ _ # _ ] _ _ _ _ _ _ # _ [ _ ] _ _ _ _ _ #
RECITATION324_200,_ [ _ _ _ _ _ # _ ] _ _ _ # _ ] _ _ _ # _ ] _ # ] _ #
RECITATION324_201,_ [ _ _ _ _ _ ] _ _ _ # _ [ _ _ _ ] _ #
RECITATION324_202,_ ] _ _ _ _ _ # [ _ _ _ _ # _ ] _ _ # _ ] _ _ # _ ] _ _ # _ [ _ ] _ _ _ _ _ _ # _ [ _ _ # _ [ _ #
RECITATION324_203,[ _ _ _ _ _ _ # [ _ _ _ _ _ _ # _ ] _ _ # _ [ _ _ _ _ _ ] _ _ _ # _ [ _ # _ ] _ _ _ _ _ _ _ _ # _ [ _ _ _ _ _ _ ] _ #
RECITATION324_204,_ [ _ ] _ _ _ _ _ _ # _ [ _ _ _ # _ ] _ _ # _ [ _ _ _ _ _ _ # _ [ _ _ _ _ _ _ #
RECITATION324_205,[ _ _ _ _ _ _ _ # _ [ _ _ _ ] _ # _ [ _ _ # _ [ _ _ _ #
RECITATION324_206,_ ] _ _ _ _ _ # _ ] _ _ _ _ # _ [ _ ] # _ ] _ _ _ _ _ # _ [ _ _ _ _ _ ] #
RECITATION324_207,_ [ _ _ _ _ _ _ _ _ # _ ] _ # _ ] _ _ _ _ # ] _ _ _ _ _ # _ [ _ _ _ _ _ _ _ #
RECITATION324_208,_ [ _ _ _ ] _ _ _ _ # _ [ _ _ _ _ _ #
RECITATION324_209,_ [ _ _ _ _ _ _ ] _ _ _ _ # _ [ _ ] _ # _ [ _ ] _ # _ [ _ _ _ _ # _ [ _ ] _ #
RECITATION324_210,_ ] _ _ _ _ _ # _ [ _ _ _ _ ] _ _ _ _ _ # _ [ _ ] # _ ] _ _ # _ [ _ _ _ _ _ _ # _ [ _ ] _ _ # _ [ _ _ _ _ # _ [ _ _ # _ [ _ _ _ # _ [ _ #
RECITATION324_211,_ ] _ _ _ # _ [ _ _ ] _ _ _ # _ [ _ _ _ _ _ ] _ #
RECITATION324_212,_ [ _ _ _ _ # _ [ _ _ # _ ] _ _ # _ [ _ _ _ ] _ #
RECITATION324_213,_ [ _ _ _ _ ] _ _ _ _ _ # _ ] _ # _ [ _ _ _ _ # _ ] _ _ _ _ _ #
RECITATION324_214,_ ] _ _ _ _ _ # _ [ _ _ _ # [ _ _ _ _ # _ ] _ _ _ # _ ] _ _ # _ [ _ _ # _ [ _ _ _ _ _ _ ] _ _ _ _ #
RECITATION324_215,_ ] _ _ _ # _ ] _ _ _ _ _ _ _ # _ [ _ _ _ _ # _ [ ] _ # _ ] _ _ # _ [ _ _ _ ] _ # ] _ #
RECITATION324_216,_ [ _ _ _ ] _ _ _ # _ ] _ _ _ _ # _ ] _ _ _ _ # _ [ _ _ _ _ _ _ # _ [ _ ] _ # _ [ _ _ _ _ ] _ #
RECITATION324_217,_ ] _ # _ ] _ _ _ _ _ # _ [ _ _ _ ] _ _ _ _ # _ [ _ _ _ ] _ _ # [ _ ] _ _ # [ _ #
RECITATION324_218,_ [ _ _ _ # _ [ _ _ _ _ _ ] _ _ _ _ #
RECITATION324_219,[ _ _ _ _ _ _ # [ _ _ _ ] _ _ _ _ _ # _ ] _ _ _ _ _ _ #
RECITATION324_220,_ [ _ _ _ _ _ _ _ _ _ ] _ # ] _ _ _ _ _ # _ ] _ _ _ # _ [ _ _ _ _ _ ] _ #
RECITATION324_221,_ [ _ _ _ ] _ # _ ] _ _ _ _ _ _ # _ [ _ _ _ _ _ ] _ _ # _ ] _ # _ ] _ _ _ _ # _ [ _ ] _ _ _ # _ [ _ ] _ # _ ] _ _ # [ _ _ _ # _ ] _ _ # _ [ _ _ _ _ _ _ _ #
RECITATION324_222,[ _ _ _ ] _ # [ _ _ _ _ _ ] _ _ # _ [ _ _ _ _ # _ ] _ _ _ _ # _ [ _ _ # _ [ _ _ _ _ ] _ # _ ] _ _ # _ [ _ _ _ _ ] _ _ _ #
RECITATION324_223,[ _ _ _ ] _ _ _ _ _ # _ [ _ _ _ _ _ _ _ # _ ] _ _ _ # _ [ _ _ _ _ _ # _ ] _ # ] _ _ _ #
RECITATION324_224,_ [ _ _ _ _ # _ ] _ # _ [ _ #
RECITATION324_225,_ ] _ _ _ _ # _ [ _ _ _ _ _ # _ [ _ ] _ # _ ] #
RECITATION324_226,_ [ _ _ _ ] _ # _ [ _ _ _ # _ [ _ _ _ ] _ # ] _ _ _ # _ ] _ _ _ _ #
RECITATION324_227,_ [ _ _ _ _ _ _ ] _ _ _ _ _ # _ ] _ _ _ _ # _ [ _ _ _ # [ _ _ _ #
RECITATION324_228,_ ] _ _ _ _ _ _ _ # _ ] _ _ _ _ _ _ _ # [ _ ] _ # _ [ _ _ _ _ #
RECITATION324_229,_ [ _ _ _ ] _ _ _ _ # _ ] _ # _ ] _ _ _ _ # _ [ _ _ _ # _ [ _ _ _ _ _ ] #
RECITATION324_230,_ [ _ ] _ _ # _ [ _ _ _ _ _ # _ [ _ _ _ # _ [ _ _ _ _ _ # _ [ _ _ _ # _ [ _ _ _ _ _ ] _ # _ [ _ # _ [ _ # _ ] _ # _ ] _ _ # _ [ _ ] _ _ # _ [ _ _ # _ ] _ _ _ # _ [ _ ] # _ [ _ # _ ] _ _ _ # [ _ _ _ ] #
RECITATION324_231,_ [ _ _ _ _ _ _ _ _ ] _ _ # _ ] _ _ # _ ] _ #
RECITATION324_232,_ [ _ _ _ ] _ # _ [ _ # _ ] _ _ _ _ _ _ _ # _ [ # [ _ ] _ # _ [ _ _ #
RECITATION324_233,_ ] _ _ _ # _ [ _ _ _ _ ] _ # _ [ _ ] _ _ # _ [ _ _ ] #
RECITATION324_234,_ ] _ # _ [ _ ] _ # _ ] _ _ # _ ] _ _ _ _ _ # _ [ _ _ _ _ _ _ _ _ #
RECITATION324_235,_ [ _ _ _ _ _ # _ ] _ _ _ _ _ # [ _ _ _ _ _ # ] # _ [ _ _ _ _ # _ [ _ ] _ # ] _ _ _ # [ _ _ _ _ _ _ ] _ #
RECITATION324_236,_ [ _ _ ] _ # _ [ _ _ _ _ _ # [ _ _ _ _ _ ] #
RECITATION324_237,_ [ _ _ _ _ _ ] _ _ _ _ _ # _ ] _ _ _ _ _ _ _ # _ [ _ _ _ _ _ _ _ _ _ _ _ ] _ #
RECITATION324_238,[ _ _ _ _ _ _ _ _ _ _ _ _ _ # _ [ _ _ _ ] _ # ] #
RECITATION324_239,_ [ _ _ _ # _ [ _ _ _ # _ [ _ _ _ _ _ # _ [ ] _ _ #
RECITATION324_240,_ [ _ _ _ _ _ _ _ # _ ] _ _ _ _ _ _ # _ [ _ _ _ _ _ _ _ # ] _ #
RECITATION324_241,_ [ _ _ _ _ _ # _ ] # _ [ _ _ ] _ # _ ] _ _ # _ [ _ _ # _ ] _ _ _ _ _ _ # _ [ _ _ _ _ _ ] _ #
RECITATION324_242,_ [ _ _ _ _ _ _ _ _ _ _ _ _ _ _ _ # _ [ _ # _ [ _ _ _ _ # _ [ _ _ _ _ _ _ # _ ] # _ ] _ _ _ # _ [ _ _ _ ] _ # _ [ _ _ _ ] # _ [ _ _ _ _ _ _ _ _ #
RECITATION324_243,_ ] _ _ # _ [ _ _ _ _ # _ [ _ _ _ _ _ ] _ # _ ] _ _ _ _ _ # _ [ _ ] _ _ _ #
RECITATION324_244,_ [ _ _ _ # _ ] #
RECITATION324_245,_ ] _ _ _ # _ [ _ _ _ _ ] _ _ _ # _ [ _ _ _ ] _ # _ [ _ ] _ _ #
RECITATION324_246,_ [ _ _ _ _ _ _ _ ] _ # _ [ _ _ _ _ ] _ _ _ _ # _ [ _ _ _ _ # [ _ ] _ #
RECITATION324_247,_ [ _ _ _ _ # _ [ _ ] _ _ _ _ _ _ # _ ] _ _ _ # _ [ _ _ _ # _ [ _ _ _ ] _ # _ ] _ _ _ _ # _ [ _ _ _ _ ] _ # _ ] _ _ # _ [ _ _ _ # _ ] _ _ #
RECITATION324_248,[ _ _ _ _ # _ [ _ ] _ _ _ # _ ] _ _ _ _ # _ ] _ _ _ _ _ # _ [ _ _ _ _ _ _ #
RECITATION324_249,] _ _ _ _ _ # _ [ _ ] _ _ _ # ] _ _ # _ [ _ _ #
RECITATION324_250,] _ _ _ # _ [ _ _ _ _ # _ [ _ _ _ #
RECITATION324_251,_ ] _ _ _ # _ [ _ _ _ _ _ ] _ _ # _ [ _ _ _ ] _ _ #
RECITATION324_252,_ [ _ _ _ _ _ # _ ] _ _ _ _ _ # _ ] _ _ # _ [ _ _ _ _ _ _ # _ [ _ _ _ _ ] _ _ _ _ _ # _ [ _ _ _ _ _ _ # _ ] _ _ _ _ _ _ _ # [ _ _ # [ _ _ _ ] _ # ] _ #
RECITATION324_253,_ ] _ _ _ _ _ # [ _ _ _ _ # [ _ ] _ # [ _ _ _ _ _ _ _ _ _ #
RECITATION324_254,_ [ _ _ _ _ ] _ # _ [ _ ] _ # _ [ _ _ _ # _ ] _ _ # _ [ _ ] _ _ _ #
RECITATION324_255,[ _ _ _ _ _ _ # [ _ _ _ ] _ _ # [ _ _ _ _ _ _ # _ [ _ _ # _ [ _ # [ _ #
RECITATION324_256,_ [ _ _ _ _ _ # _ [ _ _ _ ] _ # _ ] _ _ # _ ] # _ ] # [ _ _ _ _ # _ ] _ #
RECITATION324_257,_ [ _ _ # _ [ _ ] # [ _ _ ] _ _ _ _ # _ [ _ # _ [ _ _ _ ] # [ _ ] _ _ _ _ _ # _ [ _ _ # _ [ _ _ _ _ ] _ _ # _ ] _ _ _ _ _ _ _ # _ ] _ # [ _ _ # _ [ _ _ _ _ #
RECITATION324_258,_ ] _ _ _ _ _ # _ [ _ _ _ ] _ _ _ _ # _ ] _ _ # _ [ _ # [ _ _ _ #
RECITATION324_259,[ _ _ _ # _ [ _ _ _ _ _ # _ [ # _ [ _ _ _ ] _ _ # _ [ _ _ _ _ # [ _ ] _ _ _ # _ [ _ _ ] _ _ _ _ _ # _ [ _ _ ] _ _ _ _ _ _ _ # _ ] _ _ _ # _ [ _ _ _ _ _ # [ _ ] #
RECITATION324_260,_ [ _ _ _ _ _ _ # _ [ _ ] _ _ _ # _ [ _ _ _ ] _ #
RECITATION324_261,[ _ _ _ _ _ _ _ _ _ _ # _ [ _ _ _ ] _ _ _ #
RECITATION324_262,[ _ ] _ _ _ _ _ # [ _ _ _ _ # _ [ _ _ _ _ _ # _ ] _ _ # _ ] _ _ _ _ # [ _ _ _ _ #
RECITATION324_263,[ _ _ _ ] _ _ _ _ _ _ # _ [ _ ] _ _ _ _ # [ _ ] _ _ #
RECITATION324_264,_ [ _ _ _ ] _ _ _ # _ ] _ _ _ _ _ # _ [ _ _ _ # _ [ _ _ _ ] #
RECITATION324_265,_ [ _ _ _ ] _ # _ ] _ _ _ # _ [ _ _ _ _ _ _ _ ] _ #
RECITATION324_266,_ [ _ _ ] _ _ _ _ _ _ # _ ] _ _ # _ [ _ _ _ _ _ _ _ _ _ _ _ # _ [ _ _ _ _ # _ [ _ ] _ _ _ #
RECITATION324_267,_ ] _ _ _ # _ [ _ _ _ _ # _ ] _ _ # _ ] _ _ _ _ _ _ # ] _ #
RECITATION324_268,[ _ _ _ _ _ _ _ _ # [ _ _ _ _ # _ ] _ _ _ _ _ _ # ] _ _ _ # _ ] _ _ _ _ _ # _ [ _ _ _ _ _ _ # _ [ _ ] _ # [ _ _ _ _ _ _ _ #
RECITATION324_269,_ ] _ # [ _ ] _ _ _ # _ ] _ _ _ _ _ # _ [ _ ] _ _ _ _ # _ [ _ _ _ _ _ # _ [ _ _ _ _ _ _ _ ] _ # _ [ _ _ _ _ _ ] _ # _ ] _ # _ ] _ #
RECITATION324_270,_ [ _ _ # _ [ _ ] _ _ # ] _ _ _ # _ [ _ _ _ ] _ _ #
RECITATION324_271,_ [ _ _ _ _ ] _ _ # _ [ _ _ _ # _ ] _ _ _ # [ _ _ _ _ _ _ #
RECITATION324_272,_ [ _ _ ] _ _ _ _ _ # _ [ _ ] # _ [ _ _ #
RECITATION324_273,_ [ _ _ _ _ _ # _ [ _ _ _ _ ] _ _ _ _ # _ [ _ ] _ _ _ #
RECITATION324_274,_ ] _ _ _ # _ [ _ _ # _ ] _ _ _ # _ [ _ _ _ ?
RECITATION324_275,_ [ _ _ _ _ _ # _ ] _ _ _ _ # ] _ #
RECITATION324_276,_ [ _ _ _ # _ [ _ _ _ ] _ _ _ # _ ] _ _ _ # _ [ _ # _ [ _ ] _ # _ [ _ _ _ _ # _ ] _ # [ _ _ #
RECITATION324_277,_ [ _ _ _ _ _ _ # _ [ _ _ _ ] _ # [ _ _ _ _ _ _ _ # _ [ _ _ _ # _ [ _ _ _ _ #
RECITATION324_278,_ [ _ _ _ _ _ ] _ _ # _ ] _ _ _ _ # ] _ _ _ # _ ] _ _ _ _ _ _ _ # _ [ _ _ _ _ # _ [ _ _ #
RECITATION324_279,_ ] _ _ _ _ # _ ] _ _ _ # _ ] _ _ _ _ # _ ] _ _ _ _ _ _ _ # _ ] _ _ # [ _ #
RECITATION324_280,_ [ _ _ _ _ _ _ _ _ _ _ _ _ _ _ _ _ ] # [ _ _ _ ] _ _ _ #
RECITATION324_281,_ [ _ _ _ _ # _ [ _ _ _ ] _ _ # _ ] _ _ _ # _ ] _ _ _ # _ ] _ _ _ # _ [ _ ] _ #
RECITATION324_282,] _ _ _ # _ ] _ _ _ # _ [ _ _ # _ [ _ #
RECITATION324_283,[ _ _ _ _ _ _ ] _ _ _ _ _ # _ [ _ ] _ _ _ _ # _ [ _ _ _ ] _ # [ _ _ _ ] _ _ # _ ] _ _ _ _ _ _ # _ [ _ _ _ ] _ # _ [ _ _ #
RECITATION324_284,_ ] _ _ _ # _ ] _ # _ ] _ _ _ # _ [ _ ] _ #
RECITATION324_285,_ [ _ _ ] _ # _ [ _ _ _ ] _ _ _ _ # _ [ _ _ _ _ # _ [ _ ] _ #
RECITATION324_286,_ ] _ _ _ _ # _ [ ] _ _ _ _ # _ ] _ #
RECITATION324_287,_ [ _ _ _ ] _ _ _ _ # _ [ _ _ _ ] _ _ _ _ # [ _ _ _ ] _ _ _ #
RECITATION324_288,_ [ _ _ _ _ _ _ ] _ _ _ # _ ] _ _ _ #
RECITATION324_289,[ # [ _ _ # ] # [ _ # ] # ] _ # ] # ] _ # [ _ _ _ _ ?
RECITATION324_290,[ _ _ _ _ _ _ _ _ _ # _ [ _ _ _ _ # [ _ _ _ _ _ _ _ _ _ _ # _ [ _ _ _ _ _ _ _ _ # _ ] _ _ _ _ _ _ # _ ] _ _ # [ _ _ _ _ _ ] _ #
RECITATION324_291,_ [ _ _ _ # _ [ _ ] _ _ # _ ] _ _ _ _ _ # _ [ _ ] _ #
RECITATION324_292,_ [ _ ] # _ ] _ _ _ _ # ] _ _ _ # _ ] _ _ _ _ # _ [ _ _ _ _ _ _ _ #
RECITATION324_293,_ [ _ _ _ _ _ _ # [ _ _ _ _ ] _ _ _ _ _ _ # _ [ _ _ _ # _ [ _ _ ] _ _ # _ ] _ _ _ #
RECITATION324_294,_ ] _ _ _ _ _ # _ [ _ _ _ _ _ # _ [ # _ ] _ _ _ # [ _ _ _ _ _ ] _ # _ ] #
RECITATION324_295,_ [ _ _ _ ] _ _ _ # _ ] _ _ _ _ # [ _ _ _ _ _ # _ [ _ _ # _ ] _ _ _ # _ [ _ _ _ # _ ] _ _ _ # [ _ #
RECITATION324_296,_ [ _ _ _ _ _ # _ [ _ # _ [ _ _ _ _ _ # [ _ # _ [ _ _ _ ] _ _ _ # _ [ _ _ _ _ _ _ _ # _ ] _ _ # [ _ #
RECITATION324_297,_ [ _ _ _ _ _ _ _ _ _ _ _ _ # _ [ _ _ _ _ _ ] _ _ _ _ _ _ # _ ] _ _ _ # _ [ _ _ # [ _ #
RECITATION324_298,_ [ _ _ _ _ ] _ _ # _ [ _ # _ ] _ _ _ # _ ] _ _ _ # _ [ _ _ ] # _ [ _ ] _ # _ ] _ _ _ _ _ _ _ # _ [ _ _ #
RECITATION324_299,_ ] _ _ _ _ # _ [ _ _ _ _ _ _ ] _ _ _ _ _ # _ [ _ _ _ _ _ _ _ _ # _ ] _ _ _ # _ ] _ _ _ _ _ # _ ] _ _ _ _ # _ ] _ _ _ _ _ # _ [ _ _ _ _ _ # _ [ _ ] _ #
RECITATION324_300,_ [ _ _ _ _ # _ ] _ _ _ _ # _ ] _ _ _ # _ [ _ _ ] _ _ _ # _ ] _ _ #
RECITATION324_301,_ ] _ _ _ _ _ # _ ] _ _ _ _ _ # _ ] _ _ _ # _ [ _ _ _ _ _ _ #
RECITATION324_302,_ [ _ _ ] _ # _ [ _ _ _ _ _ _ ] _ _ # _ ] _ _ _ _ _ # _ [ _ _ _ ] _ _ # _ [ _ _ #
RECITATION324_303,_ [ _ ] _ _ # _ [ _ _ _ _ _ # _ [ _ ] _ # _ ] _ _ # _ ] _ _ _ #
RECITATION324_304,_ ] _ _ _ _ _ _ # _ ] _ _ _ _ # _ [ _ ] _ _ # _ [ _ _ _ _ _ _ _ ] _ _ _ _ # _ [ _ ] _ _ # _ ] _ _ # _ [ # _ ] _ _ _ _ # [ _ _ #
RECITATION324_305,_ [ _ _ _ _ _ _ _ _ _ # [ _ _ _ _ _ _ _ ] _ _ # _ [ _ _ _ _ _ _ _ _ _ ] # _ [ _ #
RECITATION324_306,_ [ _ ] _ _ _ # _ ] _ _ _ # _ [ _ _ _ _ _ _ _ ] _ _ #
RECITATION324_307,_ [ _ _ _ _ ] _ # _ # _ [ _ _ _ _ ] _ _ # _ [ _ _ _ # _ [ _ _ # _ [ _ #
RECITATION324_308,_ ] _ _ _ _ # [ _ _ _ _ _ _ _ _ _ _ _ _ ] _ _ _ _ _ _ # _ ] _ _ _ _ _ _ # _ ] _ _ _ _ _ _ _ _ # [ _ ] _ _ _ _ _ _ #
RECITATION324_309,_ [ _ ] _ _ _ _ _ _ _ # _ [ _ _ # _ [ _ # _ ] _ _ _ _ _ _ # _ [ _ _ _ _ # _ ] _ _ _ # _ [ _ _ _ _ _ ] #
RECITATION324_310,_ ] _ _ _ _ _ _ # _ [ _ _ _ _ _ _ ] _ _ _ _ _ # _ [ _ _ # _ [ _ ] _ _ _ # _ [ _ _ _ ] _ # _ [ _ _ _ ] _ # ] _ #
RECITATION324_311,_ [ _ _ _ # _ [ _ _ ] _ # _ ] _ _ # _ [ _ _ _ # _ [ _ ] _ # _ [ _ ] _ # _ [ _ _ _ ] #
RECITATION324_312,_ ] _ _ _ _ _ # _ [ _ ] _ _ # _ [ _ ] _ _ _ _ _ _ _ # _ ] _ # _ ] _ _ _ _ _ # _ [ _ _ # _ ] _ _ #
RECITATION324_313,_ ] _ _ _ _ _ _ # _ [ _ _ _ _ _ _ _ _ # _ ] _ _ _ _ _ _ # _ [ _ # _ [ _ _ _ _ _ _ _ _ _ # _ ] _ #
RECITATION324_314,_ [ _ ] _ _ _ # _ [ _ ] _ _ # _ [ _ ] _ _ _ _ _ # _ ] _ _ # _ [ _ _ _ _ #
RECITATION324_315,_ [ _ _ _ _ _ # [ ] _ # _ [ _ ] _ _ # _ [ _ _ _ # _ ] _ _ _ _ # _ ] _ _ _ # _ ] _ _ _ _ # _ [ _ _ _ ] _ #
RECITATION324_316,_ [ _ ] _ _ _ # _ [ _ _ _ _ _ ] _ _ _ _ # _ ] _ _ _ _ _ # _ [ _ ] # _ ] _ # _ ] _ # _ [ _ ] _ #
RECITATION324_317,_ ] _ _ _ _ # _ [ _ _ ] _ # _ [ _ # _ ] _ _ _ # _ [ _ _ _ _ ] _ # _ [ _ _ _ _ _ _ _ _ ] _ _ # _ ] _ _ _ _ _ # _ [ _ ] _ _ _ # _ [ _ _ _ _ _ _ _ _ # _ [ _ _ # _ [ _ #
RECITATION324_318,_ ] _ _ _ # _ [ _ _ _ _ _ # _ ] _ _ _ _ _ _ #
RECITATION324_319,_ [ _ _ _ _ # _ ] _ _ # _ [ _ ] _ _ _ # _ [ _ # _ ] _ _ _ # _ [ _ _ _ _ _ _ _ # _ [ _ _ _ _ # _ [ _ _ _ _ ] _ _ _ #
RECITATION324_320,_ [ _ _ _ _ # _ ] _ _ _ _ # _ [ _ _ _ _ _ # _ ] _ _ _ _ _ _ _ _ # ] _ _ _ _ # _ ] _ _ _ _ _ # _ [ _ _ _ _ # ] _ #
RECITATION324_321,_ [ _ # _ ] _ _ _ _ # _ [ _ _ _ _ # _ ] _ _ _ _ # _ [ _ ] _ #
RECITATION324_322,_ [ _ # _ [ _ _ _ _ _ # _ [ _ _ # _ [ _ _ _ _ ] _ # _ [ _ _ ] _ _ # _ [ _ _ _ _ _ _ # _ [ ] _ _ _ _ _ _ # [ _ ] #
RECITATION324_323,_ [ _ # [ _ _ _ _ # _ [ _ _ ] _ _ _ _ # ] _ # _ ] _ _ _ _ # _ [ _ _ _ _ _ ] _ # _ [ _ _ _ _ _ _ _ # _ [ _ _ _ _ _ _ ] _ _ _ _ _ _ #
RECITATION324_324,_ ] _ _ _ _ # _ [ _ _ _ _ _ # _ [ _ ] _ _ # _ [ _ _ _ # _ [ _ _ _ _ #